-- ============================================================
-- Seed Data for OLTP Schema
-- B2B warehouse / logistics supply products (~500 rows total)
-- ============================================================

SET IDENTITY_INSERT oltp.addresses ON;
INSERT INTO oltp.addresses (address_id, street, city, zip, country_code) VALUES
(1,  'Haferweg 24',            'Hamburg',    '22769', 'DE'),
(2,  'Industriestr. 12',       'München',    '80339', 'DE'),
(3,  'Lagerstraße 5',          'Berlin',     '10115', 'DE'),
(4,  'Werkstraße 88',          'Stuttgart',  '70567', 'DE'),
(5,  'Logistikpark 1',         'Dortmund',   '44263', 'DE'),
(6,  'Rue de Commerce 42',     'Lyon',       '69002', 'FR'),
(7,  'Via Industriale 9',      'Milano',     '20148', 'IT'),
(8,  'Industrieweg 77',        'Rotterdam',  '3029 AB', 'NL'),
(9,  'Lagerstraße 3',          'Wien',       '1120',  'AT'),
(10, 'Industriepark Nord 14',  'Köln',       '51063', 'DE'),
(11, 'Gewerbegebiet Ost 2',    'Frankfurt',  '60386', 'DE'),
(12, 'Hafenstraße 19',         'Bremen',     '28195', 'DE'),
(13, 'Technologiepark 7',      'Nürnberg',   '90451', 'DE'),
(14, 'Handelsweg 33',          'Leipzig',    '04103', 'DE'),
(15, 'Südring 45',             'Dresden',    '01067', 'DE');
SET IDENTITY_INSERT oltp.addresses OFF;
GO

SET IDENTITY_INSERT oltp.categories ON;
INSERT INTO oltp.categories (category_id, name, parent_category_id) VALUES
-- Top-level
(1,  'Warehouse Equipment',  NULL),
(2,  'Transport & Logistics', NULL),
(3,  'Facility & Cleaning',  NULL),
(4,  'Safety & Signage',     NULL),
-- Sub-categories of Warehouse Equipment
(5,  'Shelving Systems',     1),
(6,  'Pallets & Containers', 1),
(7,  'Lifting Equipment',    1),
(8,  'Storage Bins',         1),
-- Sub-categories of Transport & Logistics
(9,  'Hand Trucks & Dollies', 2),
(10, 'Conveyor Systems',     2),
(11, 'Packaging Supplies',   2),
-- Sub-categories of Facility & Cleaning
(12, 'Cleaning Equipment',   3),
(13, 'Waste Management',     3),
-- Sub-categories of Safety & Signage
(14, 'PPE',                  4),
(15, 'Floor Markings',       4);
SET IDENTITY_INSERT oltp.categories OFF;
GO

SET IDENTITY_INSERT oltp.suppliers ON;
INSERT INTO oltp.suppliers (supplier_id, name, contact_email, address_id) VALUES
(1, 'Bito Lagertechnik GmbH',      'orders@bito.de',        3),
(2, 'Hänel GmbH & Co. KG',         'sales@haenel.de',       2),
(3, 'SSI Schäfer GmbH',            'info@ssi-schaefer.de',  4),
(4, 'Jungheinrich AG',             'supply@jungheinrich.de',1),
(5, 'Kaiser+Kraft GmbH',           'orders@kaiserkraft.de', 5),
(6, 'Würth GmbH & Co. KG',        'b2b@wuerth.de',         4),
(7, 'Craemer Group',               'info@craemer.com',      5),
(8, 'Durable Hunke & Jochheim',    'trade@durable.eu',      1),
(9, 'Vikan A/S',                   'export@vikan.com',      8),
(10,'3M Deutschland GmbH',         'safety@3m.de',          2);
SET IDENTITY_INSERT oltp.suppliers OFF;
GO

SET IDENTITY_INSERT oltp.customers ON;
INSERT INTO oltp.customers (customer_id, name, email, company, address_id) VALUES
(1,  'Thomas Müller',    't.mueller@logistik-nord.de',   'Logistik Nord GmbH',       10),
(2,  'Sandra Bauer',     's.bauer@techfabrik.de',        'TechFabrik GmbH & Co. KG', 11),
(3,  'Klaus Weber',      'k.weber@lagerpro.de',          'LagerPro AG',              12),
(4,  'Petra Schulz',     'p.schulz@supplychain24.de',    'SupplyChain24 GmbH',       13),
(5,  'Michael Fischer',  'm.fischer@indus-transport.de', 'Indus Transport GmbH',     14),
(6,  'Anna Schmidt',     'a.schmidt@clean-facilities.de','Clean Facilities KG',       15),
(7,  'Jörg Hoffmann',   'j.hoffmann@sicherheit-pro.de', 'Sicherheit-Pro GmbH',      10),
(8,  'Lisa König',       'l.koenig@e-commerce-hub.de',   'E-Commerce Hub GmbH',      11),
(9,  'Frank Richter',    'f.richter@baulogistik.de',     'Baulogistik GmbH',         12),
(10, 'Maria Vogel',      'm.vogel@handelshaus-vogel.de', 'Handelshaus Vogel OHG',    13),
(11, 'Stefan Becker',    's.becker@meditech-supply.de',  'MediTech Supply GmbH',     14),
(12, 'Heike Wolf',       'h.wolf@retail-depot.de',       'RetailDepot AG',           15),
(13, 'Uwe Zimmermann',   'u.zimm@stadtwerke-logistik.de','Stadtwerke Logistik GmbH', 10),
(14, 'Claudia Braun',    'c.braun@pharma-lager.de',      'PharmaLager GmbH',         11),
(15, 'Markus Neumann',   'm.neumann@auto-zulieferer.de', 'AutoZulieferer GmbH',      12);
SET IDENTITY_INSERT oltp.customers OFF;
GO

-- Products (50 rows representing realistic B2B warehouse/logistics catalog)
SET IDENTITY_INSERT oltp.products ON;
INSERT INTO oltp.products (product_id, sku, name, description, category_id, supplier_id, list_price, stock_qty, weight_kg) VALUES
(1,  'SHF-001', 'Heavy Duty Boltless Shelving Unit 200x100x50cm', 'Load capacity 300 kg per shelf. Powder-coated steel. 5 adjustable shelves.', 5, 3, 189.90, 50, 18.5),
(2,  'SHF-002', 'Mobile Shelving Unit with Wheels 180x90x45cm', 'Lockable castors, 4 shelves, max. 200 kg total load.', 5, 3, 249.00, 30, 14.2),
(3,  'SHF-003', 'Cantilever Shelving for Long Goods 250cm', 'For pipes, rods and profiles. Galvanised steel.', 5, 1, 399.00, 15, 32.0),
(4,  'PLT-001', 'Euro Pallet 800x1200mm', 'EPAL-certified wooden pallet, 4-way entry, 1500 kg static load.', 6, 7, 12.50, 500, 23.0),
(5,  'PLT-002', 'Plastic Pallet 800x1200mm', 'Chemical-resistant HDPE, hygienic, 1200 kg load.', 6, 7, 45.00, 200, 11.0),
(6,  'PLT-003', 'Nestable Plastic Pallet 800x600mm', 'Half-size, space-saving when empty, 600 kg.', 6, 7, 28.00, 300, 5.5),
(7,  'CON-001', 'Stackable Storage Container 600x400x320mm', 'PP material, perforated walls, 25 kg load.', 6, 1, 8.90, 400, 1.2),
(8,  'CON-002', 'Industrial Storage Box 800x600x420mm', 'Solid PP, lid available separately, 75 kg load.', 6, 1, 18.50, 150, 3.4),
(9,  'LFT-001', 'Manual Pallet Jack 2500 kg Capacity', 'Ergonomic handle, pump action, 680 mm fork width.', 7, 4, 299.00, 20, 67.0),
(10, 'LFT-002', 'Hydraulic Scissor Lift Table 500 kg', 'Lift height 900 mm, 1200x800 mm platform.', 7, 4, 1299.00, 5, 145.0),
(11, 'LFT-003', 'Electric Stacker 1000 kg / 3m Lift', 'Battery powered, 1000 kg, lift height 3000 mm.', 7, 4, 4999.00, 3, 480.0),
(12, 'BIN-001', 'Small Parts Storage Bin 300x200x150mm Red', 'Stackable ABS bins, colour-coded system.', 8, 1, 2.90, 1000, 0.3),
(13, 'BIN-002', 'Small Parts Storage Bin 300x200x150mm Blue', 'Stackable ABS bins, colour-coded system.', 8, 1, 2.90, 800, 0.3),
(14, 'BIN-003', 'Small Parts Storage Bin 400x300x220mm Yellow', 'Larger volume, 6.5 litres, stackable.', 8, 1, 4.50, 600, 0.5),
(15, 'BIN-004', 'Bin Rack with 32 Bins (Mixed Sizes)', 'Pre-assembled rack with 32 bins assorted sizes.', 8, 1, 89.00, 25, 12.5),
(16, 'TRL-001', 'Hand Truck 250 kg Steel', 'Foldable nose plate, pneumatic tyres, 250 kg.', 9, 5, 79.00, 40, 10.0),
(17, 'TRL-002', 'Platform Truck 500 kg 900x600mm', 'Flat deck, 4 swivel castors, 2 with brakes.', 9, 5, 129.00, 35, 16.5),
(18, 'TRL-003', 'Stainless Steel Transport Trolley 3 Shelves', 'Food-safe 304 stainless, 150 kg per shelf.', 9, 5, 249.00, 20, 22.0),
(19, 'CVY-001', 'Gravity Roller Conveyor 2m x 400mm', 'Steel rollers, 50 mm pitch, 50 kg/m load.', 10, 3, 189.00, 10, 18.0),
(20, 'CVY-002', 'Belt Conveyor 3m x 500mm 230V', 'Motor-driven, adjustable speed 0.1–0.5 m/s.', 10, 3, 899.00, 4, 55.0),
(21, 'PKG-001', 'Stretch Film 500mm x 300m 23µm',  'Machine-grade stretch film, 6 rolls/carton.', 11, 6, 39.00, 200, 3.2),
(22, 'PKG-002', 'Bubble Wrap Roll 100m x 500mm', 'Air bubble protection, perforated every 300 mm.', 11, 6, 24.50, 150, 2.8),
(23, 'PKG-003', 'Cardboard Box 400x300x300mm (Pack of 25)', 'Single-wall corrugated board B-flute, ECT32.', 11, 6, 22.00, 300, 8.5),
(24, 'PKG-004', 'Packing Tape 50mm x 66m Brown (Pack of 6)', 'Hot-melt adhesive, 52 µm, 6 rolls.', 11, 6, 8.90, 500, 1.2),
(25, 'PKG-005', 'Void Fill Paper 10cm x 250m Roll', 'Kraft paper, 80 g/m², recyclable alternative.', 11, 6, 29.00, 100, 4.0),
(26, 'CLN-001', 'Industrial Mop with Stainless Steel Wringer', '20 L bucket, microfibre mop head 400 g.', 12, 9, 69.00, 30, 5.5),
(27, 'CLN-002', 'Auto-Scrubber Walk-Behind 430mm', '43 L solution tank, 230V, 250 m²/h coverage.', 12, 9, 2499.00, 2, 98.0),
(28, 'CLN-003', 'Industrial Vacuum Cleaner 1200W IP54', '30 L drum, wet & dry, class L filter.', 12, 9, 189.00, 15, 8.5),
(29, 'WST-001', 'Recycling Bin Station 3x30L (Blue/Yellow/Green)', 'Colour-coded for paper/plastic/glass sorting.', 13, 8, 89.00, 40, 9.0),
(30, 'WST-002', 'Hazardous Waste Container 30L Yellow', 'UN-approved, lockable lid, chemical-resistant.', 13, 8, 45.00, 25, 3.0),
(31, 'PPE-001', 'Safety Helmet EN397 White',  'ABS shell, 6-point suspension, adjustable.', 14, 10, 12.90, 100, 0.35),
(32, 'PPE-002', 'Cut-Resistant Gloves Level D (Pair)', 'EN388:4X42D, HPPE fibre, grip coating, size 9.', 14, 10, 7.50, 200, 0.08),
(33, 'PPE-003', 'High-Visibility Vest Class 2 Orange (M)', 'EN ISO 20471:2013, polyester mesh, zip front.', 14, 10, 5.90, 150, 0.15),
(34, 'PPE-004', 'Safety Shoes S3 SRC Size 42', 'Steel toecap, antislip, antistatic, ESD.', 14, 10, 89.00, 60, 0.95),
(35, 'PPE-005', 'Ear Muffs SNR 30 dB', 'Foldable, padded headband, SNR 30 dB.', 14, 10, 14.90, 80, 0.22),
(36, 'FLR-001', 'Floor Marking Tape 50mm x 33m Yellow', 'PVC, 0.14 mm thick, clean removal.', 15, 8, 12.50, 300, 0.8),
(37, 'FLR-002', 'Floor Arrow Sticker 200x200mm Yellow/Black', 'Durable polyester, self-adhesive.', 15, 8, 3.90, 500, 0.05),
(38, 'FLR-003', 'Warning Sign "Forklift Traffic" 200x300mm', 'Rigid PVC 1 mm, UV-stable print.', 15, 8, 6.50, 200, 0.12),
(39, 'SHF-004', 'Archive Shelving Unit 220x100x40cm (10 Shelves)', 'For document boxes, 80 kg per shelf.', 5, 3, 159.00, 20, 15.5),
(40, 'CON-003', 'Tote Box with Lid 600x400x220mm', 'PP tote with snap-on lid, 40 kg, stackable.', 6, 1, 22.90, 120, 1.8),
(41, 'LFT-004', 'Mechanical Loading Ramp 1000 kg 1800mm', 'Hot-dip galvanised, adjustable height 100–200 mm.', 7, 5, 599.00, 8, 55.0),
(42, 'BIN-005', 'Drawer Cabinet 10-Drawer Steel', 'Each drawer 50 kg, keyed lock, A4 label holder.', 8, 2, 179.00, 15, 28.0),
(43, 'TRL-004', 'Wire Mesh Cage Trolley 800x600mm', '4 sides fold down, 4 castors, 500 kg load.', 9, 5, 219.00, 12, 30.0),
(44, 'PKG-006', 'Poly Mailer 250x350mm (Pack of 100)', 'Co-extruded, tamper-evident, white.', 11, 6, 15.90, 400, 1.1),
(45, 'CLN-004', 'Microfibre Cleaning Cloth 40x40cm (Pack of 10)', 'GSM 300, machine washable up to 60 °C.', 12, 9, 9.90, 200, 0.3),
(46, 'PPE-006', 'Disposable Nitrile Gloves M (Box 100)', 'Powder-free, EN455, 0.1 mm thickness.', 14, 10, 11.90, 300, 0.7),
(47, 'FLR-004', 'Anti-Fatigue Mat 90x60cm', 'PVC foam, bevelled edges, 15 mm thick.', 15, 8, 34.90, 50, 1.2),
(48, 'SHF-005', 'Longspan Shelving Starter Bay 2000x2700x600mm', '500 kg UDL per beam level, 4 levels.', 5, 3, 489.00, 8, 75.0),
(49, 'CVY-003', 'Telescopic Conveyor 2.0–3.5m 230V', 'Extends for container loading, 50 kg/m.', 10, 3, 2199.00, 2, 90.0),
(50, 'WST-003', 'Document Shredder Cross-Cut Level P-4', '18-sheet capacity, 30 L bin, CD/card slot.', 13, 8, 129.00, 20, 9.5);
SET IDENTITY_INSERT oltp.products OFF;
GO

-- Orders: 100 orders spread across 2023–2025 with varied statuses
-- Generated with realistic patterns: each customer orders multiple times
SET IDENTITY_INSERT oltp.orders ON;
INSERT INTO oltp.orders (order_id, customer_id, order_date, status, shipping_address_id) VALUES
(1,  1, '2023-01-15', 'DELIVERED', 10), (2,  2, '2023-01-22', 'DELIVERED', 11),
(3,  3, '2023-02-03', 'DELIVERED', 12), (4,  4, '2023-02-14', 'DELIVERED', 13),
(5,  5, '2023-03-01', 'DELIVERED', 14), (6,  6, '2023-03-18', 'DELIVERED', 15),
(7,  7, '2023-04-05', 'DELIVERED', 10), (8,  8, '2023-04-12', 'DELIVERED', 11),
(9,  9, '2023-05-07', 'DELIVERED', 12), (10, 10,'2023-05-20', 'DELIVERED', 13),
(11, 1, '2023-06-02', 'DELIVERED', 10), (12, 2, '2023-06-15', 'DELIVERED', 11),
(13, 3, '2023-07-10', 'DELIVERED', 12), (14, 4, '2023-07-25', 'DELIVERED', 13),
(15, 5, '2023-08-08', 'DELIVERED', 14), (16, 6, '2023-08-22', 'DELIVERED', 15),
(17, 7, '2023-09-04', 'DELIVERED', 10), (18, 8, '2023-09-18', 'DELIVERED', 11),
(19, 9, '2023-10-02', 'DELIVERED', 12), (20, 10,'2023-10-16', 'DELIVERED', 13),
(21, 11,'2023-11-05', 'DELIVERED', 14), (22, 12,'2023-11-20', 'DELIVERED', 15),
(23, 13,'2023-12-04', 'DELIVERED', 10), (24, 14,'2023-12-18', 'DELIVERED', 11),
(25, 15,'2024-01-08', 'DELIVERED', 12), (26, 1, '2024-01-22', 'DELIVERED', 10),
(27, 2, '2024-02-05', 'DELIVERED', 11), (28, 3, '2024-02-19', 'DELIVERED', 12),
(29, 4, '2024-03-04', 'DELIVERED', 13), (30, 5, '2024-03-18', 'DELIVERED', 14),
(31, 6, '2024-04-01', 'DELIVERED', 15), (32, 7, '2024-04-15', 'DELIVERED', 10),
(33, 8, '2024-04-29', 'DELIVERED', 11), (34, 9, '2024-05-13', 'DELIVERED', 12),
(35, 10,'2024-05-27', 'DELIVERED', 13), (36, 11,'2024-06-10', 'DELIVERED', 14),
(37, 12,'2024-06-24', 'SHIPPED',   15), (38, 13,'2024-07-08', 'DELIVERED', 10),
(39, 14,'2024-07-22', 'DELIVERED', 11), (40, 15,'2024-08-05', 'DELIVERED', 12),
(41, 1, '2024-08-19', 'DELIVERED', 10), (42, 2, '2024-09-02', 'DELIVERED', 11),
(43, 3, '2024-09-16', 'DELIVERED', 12), (44, 4, '2024-09-30', 'DELIVERED', 13),
(45, 5, '2024-10-14', 'DELIVERED', 14), (46, 6, '2024-10-28', 'DELIVERED', 15),
(47, 7, '2024-11-11', 'DELIVERED', 10), (48, 8, '2024-11-25', 'SHIPPED',   11),
(49, 9, '2024-12-09', 'DELIVERED', 12), (50, 10,'2024-12-23', 'DELIVERED', 13),
(51, 11,'2025-01-06', 'DELIVERED', 14), (52, 12,'2025-01-20', 'DELIVERED', 15),
(53, 13,'2025-02-03', 'DELIVERED', 10), (54, 14,'2025-02-17', 'DELIVERED', 11),
(55, 15,'2025-03-03', 'DELIVERED', 12), (56, 1, '2025-03-17', 'DELIVERED', 10),
(57, 2, '2025-03-31', 'DELIVERED', 11), (58, 3, '2025-04-14', 'DELIVERED', 12),
(59, 4, '2025-04-28', 'DELIVERED', 13), (60, 5, '2025-05-12', 'DELIVERED', 14),
(61, 6, '2025-05-26', 'SHIPPED',   15), (62, 7, '2025-06-09', 'CONFIRMED', 10),
(63, 8, '2025-06-23', 'CONFIRMED', 11), (64, 9, '2025-07-07', 'CONFIRMED', 12),
(65, 10,'2025-07-21', 'PENDING',   13), (66, 11,'2025-08-04', 'PENDING',   14),
(67, 12,'2025-08-18', 'PENDING',   15), (68, 13,'2025-09-01', 'PENDING',   10),
(69, 14,'2025-09-15', 'PENDING',   11), (70, 15,'2025-09-29', 'PENDING',   12),
(71, 1, '2025-10-13', 'PENDING',   10), (72, 2, '2025-10-27', 'PENDING',   11),
(73, 3, '2025-11-10', 'PENDING',   12), (74, 4, '2025-11-24', 'PENDING',   13),
(75, 5, '2025-12-08', 'PENDING',   14), (76, 6, '2025-12-22', 'PENDING',   15),
(77, 7, '2026-01-05', 'PENDING',   10), (78, 8, '2026-01-19', 'PENDING',   11),
(79, 9, '2026-02-02', 'PENDING',   12), (80, 10,'2026-02-16', 'PENDING',   13),
(81, 11,'2026-03-02', 'PENDING',   14), (82, 12,'2026-03-16', 'PENDING',   15),
(83, 13,'2026-03-30', 'PENDING',   10), (84, 14,'2026-04-13', 'PENDING',   11),
(85, 15,'2026-04-27', 'PENDING',   12), (86, 1, '2026-05-01', 'PENDING',   10),
(87, 2, '2026-05-02', 'PENDING',   11), (88, 3, '2026-05-03', 'PENDING',   12),
(89, 4, '2026-05-05', 'PENDING',   13), (90, 5, '2026-05-06', 'PENDING',   14),
(91, 6, '2026-05-07', 'PENDING',   15), (92, 7, '2026-05-08', 'PENDING',   10),
(93, 8, '2026-05-09', 'PENDING',   11), (94, 9, '2026-05-10', 'PENDING',   12),
(95,10, '2026-05-11', 'PENDING',   13), (96,11, '2026-05-12', 'PENDING',   14),
(97,12, '2026-05-13', 'PENDING',   15), (98,13, '2026-05-13', 'PENDING',   10),
(99,14, '2026-05-13', 'PENDING',   11),(100,15, '2026-05-13', 'PENDING',   12);
SET IDENTITY_INSERT oltp.orders OFF;
GO

-- Order Items: ~350 line items across 100 orders
SET IDENTITY_INSERT oltp.order_items ON;
INSERT INTO oltp.order_items (order_item_id, order_id, product_id, quantity, unit_price, discount_pct) VALUES
(1,1,1,2,189.90,0),(2,1,12,100,2.90,5),(3,1,36,5,12.50,0),
(4,2,9,1,299.00,0),(5,2,31,20,12.90,10),(6,2,32,20,7.50,10),
(7,3,4,50,12.50,0),(8,3,7,100,8.90,3),(9,3,24,20,8.90,0),
(10,4,1,3,189.90,5),(11,4,2,1,249.00,5),(12,4,15,2,89.00,0),
(13,5,16,5,79.00,0),(14,5,17,2,129.00,0),(15,5,22,10,24.50,0),
(16,6,26,2,69.00,0),(17,6,28,1,189.00,0),(18,6,45,10,9.90,5),
(19,7,33,50,5.90,0),(20,7,34,10,89.00,10),(21,7,35,20,14.90,0),
(22,8,5,20,45.00,5),(23,8,6,30,28.00,5),(24,8,40,10,22.90,0),
(25,9,48,1,489.00,0),(26,9,13,200,2.90,5),(27,9,14,100,4.50,5),
(28,10,10,1,1299.00,0),(29,10,41,1,599.00,0),
(30,11,21,10,39.00,3),(31,11,23,20,22.00,3),(32,11,25,5,29.00,0),
(33,12,36,20,12.50,0),(34,12,37,50,3.90,0),(35,12,38,20,6.50,0),
(36,13,7,200,8.90,5),(37,13,8,50,18.50,5),(38,13,4,100,12.50,0),
(39,14,1,5,189.90,10),(40,14,39,2,159.00,10),(41,14,42,1,179.00,0),
(42,15,43,3,219.00,0),(43,15,17,3,129.00,5),
(44,16,26,1,69.00,0),(45,16,27,1,2499.00,0),
(46,17,31,30,12.90,5),(47,17,32,30,7.50,5),(48,17,46,10,11.90,0),
(49,18,5,10,45.00,5),(50,18,6,15,28.00,5),(51,18,40,20,22.90,0),
(52,19,9,2,299.00,5),(53,19,16,5,79.00,0),
(54,20,10,1,1299.00,5),(55,20,11,1,4999.00,5),
(56,21,29,3,89.00,0),(57,21,30,5,45.00,0),(58,21,50,2,129.00,0),
(59,22,12,500,2.90,10),(60,22,13,300,2.90,10),(61,22,14,200,4.50,10),
(62,23,1,2,189.90,0),(63,23,3,1,399.00,0),
(64,24,33,100,5.90,5),(65,24,34,20,89.00,10),(66,24,35,50,14.90,5),
(67,25,21,20,39.00,0),(68,25,22,10,24.50,0),(69,25,44,50,15.90,5),
(70,26,48,2,489.00,5),(71,26,2,2,249.00,5),
(72,27,9,1,299.00,0),(73,27,16,3,79.00,0),(74,27,17,3,129.00,0),
(75,28,7,300,8.90,10),(76,28,8,100,18.50,10),
(77,29,1,10,189.90,10),(78,29,39,5,159.00,10),
(79,30,43,5,219.00,5),(80,30,18,3,249.00,5),
(81,31,26,3,69.00,0),(82,31,28,2,189.00,0),(83,31,45,20,9.90,0),
(84,32,33,200,5.90,5),(85,32,37,100,3.90,5),
(86,33,5,50,45.00,10),(87,33,6,50,28.00,10),(88,33,40,30,22.90,5),
(89,34,10,2,1299.00,0),(90,34,41,2,599.00,0),
(91,35,11,1,4999.00,5),(92,35,49,1,2199.00,5),
(93,36,29,5,89.00,0),(94,36,30,10,45.00,0),
(95,37,12,1000,2.90,15),(96,37,13,500,2.90,15),
(97,38,1,4,189.90,5),(98,38,2,2,249.00,5),(99,38,15,3,89.00,0),
(100,39,21,30,39.00,5),(101,39,24,50,8.90,0),(102,39,25,20,29.00,0),
(103,40,48,1,489.00,0),(104,40,3,1,399.00,0),
(105,41,9,1,299.00,0),(106,41,16,5,79.00,0),
(107,42,7,200,8.90,5),(108,42,8,100,18.50,5),(109,42,4,200,12.50,0),
(110,43,33,50,5.90,5),(111,43,34,10,89.00,10),(112,43,47,10,34.90,0),
(113,44,1,3,189.90,5),(114,44,39,1,159.00,5),
(115,45,43,2,219.00,0),(116,45,17,2,129.00,0),
(117,46,26,2,69.00,0),(118,46,27,1,2499.00,0),(119,46,28,1,189.00,0),
(120,47,31,50,12.90,10),(121,47,32,50,7.50,10),(122,47,46,20,11.90,5),
(123,48,5,30,45.00,10),(124,48,6,20,28.00,10),
(125,49,10,1,1299.00,0),(126,49,41,1,599.00,0),
(127,50,11,1,4999.00,10),(128,50,49,1,2199.00,10),
(129,51,29,4,89.00,0),(130,51,30,8,45.00,0),(131,51,50,3,129.00,0),
(132,52,12,800,2.90,15),(133,52,13,400,2.90,15),(134,52,14,300,4.50,10),
(135,53,1,5,189.90,5),(136,53,2,3,249.00,5),
(137,54,33,100,5.90,5),(138,54,36,30,12.50,0),(139,54,38,30,6.50,0),
(140,55,21,15,39.00,0),(141,55,22,8,24.50,0),
(142,56,48,2,489.00,5),(143,56,39,3,159.00,5),
(144,57,9,2,299.00,0),(145,57,16,4,79.00,0),(146,57,18,2,249.00,5),
(147,58,7,300,8.90,10),(148,58,8,150,18.50,10),(149,58,40,50,22.90,5),
(150,59,1,8,189.90,10),(151,59,15,5,89.00,0),
(152,60,43,4,219.00,0),(153,60,17,4,129.00,0),
(154,61,26,3,69.00,0),(155,61,45,15,9.90,5),
(156,62,31,60,12.90,10),(157,62,32,60,7.50,10),(158,62,34,15,89.00,10),
(159,63,5,40,45.00,10),(160,63,6,40,28.00,10),
(161,64,10,1,1299.00,0),(162,64,11,1,4999.00,5),
(163,65,1,3,189.90,0),(164,65,2,1,249.00,0),
(165,66,29,3,89.00,0),(166,66,50,2,129.00,0),
(167,67,12,500,2.90,10),(168,67,14,200,4.50,10),
(169,68,9,1,299.00,0),(170,68,16,3,79.00,0),
(171,69,33,80,5.90,5),(172,69,35,40,14.90,5),
(173,70,21,12,39.00,0),(174,70,24,30,8.90,0),
(175,71,48,1,489.00,0),(176,71,3,1,399.00,0),
(177,72,7,150,8.90,5),(178,72,8,80,18.50,5),
(179,73,1,4,189.90,5),(180,73,39,2,159.00,5),
(181,74,43,3,219.00,0),(182,74,18,2,249.00,0),
(183,75,26,2,69.00,0),(184,75,28,1,189.00,0),
(185,76,31,40,12.90,10),(186,76,32,40,7.50,10),
(187,77,5,20,45.00,0),(188,77,6,20,28.00,0),
(189,78,10,1,1299.00,0),(190,78,41,1,599.00,0),
(191,79,11,1,4999.00,5),(192,79,49,1,2199.00,5),
(193,80,29,5,89.00,0),(194,80,30,10,45.00,0),
(195,81,12,1000,2.90,15),(196,81,13,500,2.90,15),
(197,82,1,5,189.90,5),(198,82,2,3,249.00,5),
(199,83,36,25,12.50,0),(200,83,37,80,3.90,0),
(201,84,21,20,39.00,5),(202,84,22,10,24.50,5),
(203,85,48,1,489.00,0),(204,85,15,4,89.00,0),
(205,86,9,1,299.00,0),(206,86,16,2,79.00,0),
(207,87,7,100,8.90,5),(208,87,4,100,12.50,0),
(209,88,33,60,5.90,5),(210,88,34,12,89.00,10),
(211,89,1,6,189.90,10),(212,89,39,2,159.00,10),
(213,90,43,3,219.00,0),(214,90,17,3,129.00,0),
(215,91,26,2,69.00,0),(216,91,27,1,2499.00,0),
(217,92,31,30,12.90,5),(218,92,46,20,11.90,5),
(219,93,5,25,45.00,5),(220,93,6,25,28.00,5),
(221,94,10,1,1299.00,0),(222,94,11,1,4999.00,0),
(223,95,29,4,89.00,0),(224,95,50,3,129.00,0),
(225,96,12,600,2.90,10),(226,96,14,300,4.50,10),
(227,97,1,3,189.90,5),(228,97,2,2,249.00,5),
(229,98,21,10,39.00,0),(230,98,25,8,29.00,0),
(231,99,9,1,299.00,0),(232,99,16,3,79.00,0),
(233,100,48,1,489.00,5),(234,100,3,1,399.00,5);
SET IDENTITY_INSERT oltp.order_items OFF;
GO
